connector,position_or_label,pin,wire_color,net_or_signal,stm32_pin,voltage_or_resistance,confidence,notes
wheel_left,J5,2,red,MOTOR_A,,,confirmed,"motor winding; confirmed by resistance check with black"
wheel_left,J5,1,black,MOTOR_B,,,confirmed,"motor winding; confirmed by resistance check with red"
wheel_left,J5,5,yellow,ENC_SIGNAL,,,probable,"signal wire per probing; exact encoder type TBD"
wheel_left,J5,4,,NC_EXTERNAL,,,confirmed,"no external wire/contact connected; corresponding test point TP18"
wheel_left,J5,6,gray,GND,,0 ohm to board negative,confirmed,"encoder/sensor ground; rings to board negative and R31 area"
wheel_left,J5,7,orange,SWITCHED_SENSOR_5V,,0 ohm to J14 encoder/sensor VCC and TP58,confirmed,"common encoder/sensor VCC candidate for both wheel connectors; voltage not yet observed"
wheel_left,TP20,,J5_PIN1_MOTOR_B,,,confirmed,"test point rings to J5 pin 1"
wheel_left,TP19,,J5_PIN2_MOTOR_A,,,confirmed,"test point rings to J5 pin 2"
wheel_left,TP18,,J5_PIN4_NC_EXTERNAL,,,confirmed,"test point rings to J5 pin 4; nothing connected externally"
wheel_left,TP17,,J5_PIN5_ENC_SIGNAL_CANDIDATE,,,confirmed,"test point rings to J5 pin 5"
wheel_left,R24,,MOTOR_L_ENC_SIGNAL_PATH,PD3,series resistor,confirmed,"left wheel encoder signal from J5 pin 5 goes through resistor R24 to STM32 PD3"
wheel_left,STM32,PD3,,MOTOR_L_ENC_SIGNAL,J5_PIN5_ENC_SIGNAL_CANDIDATE,via R24,confirmed,"left wheel encoder signal input candidate; configure as GPIO/EXTI or timer input after firmware strategy is chosen"
encoder_power,TP58,,SWITCHED_SENSOR_5V,,0 ohm to J5-7 and J14 encoder/sensor VCC,confirmed,"test point for common J5/J14 encoder/sensor VCC candidate"
encoder_power,TP11/TP46/TP58/TP71,,SWITCHED_SENSOR_5V,,0 ohm continuity between all listed TPs,confirmed,"all ring together with J5/J14 encoder/sensor VCC; common encoder/sensor power candidate"
testpoint,TP3,,VBUS_OR_RAW_24V,,24V,powered_snapshot,"powered measurement 2026-06-20"
testpoint,TP24,,VBUS_OR_RAW_24V,,24V,powered_snapshot,"powered measurement 2026-06-20"
testpoint,TP57,,VBUS_OR_RAW_24V,,24V,powered_snapshot,"powered measurement 2026-06-20"
testpoint,TP49,,5V_RAIL,,5V,powered_snapshot,"powered measurement 2026-06-20"
testpoint,TP48,,5V_RAIL,,5V,powered_snapshot,"powered measurement 2026-06-20"
testpoint,TP55,,5V_RAIL,,5V,powered_snapshot,"powered measurement 2026-06-20"
testpoint,TP74,,3V3_RAIL,,3.3V,powered_snapshot,"powered measurement 2026-06-20"
testpoint,TP34/TP56/TP37/TP39/TP38/TP35/TP36,,3V3_RAIL,,3.3V,powered_snapshot,"powered measurement 2026-06-20; detailed list in docs/testpoints.csv"
testpoint,TP1/TP2,,POWER_SWITCH_NODE,,0V,powered_snapshot,"powered measurement 2026-06-20; user noted power switch nodes"
encoder_power,Q20,,Q20_SWITCHED_OUTPUT,SWITCHED_SENSOR_5V,continuity found,confirmed,"Q20 connects to the common encoder/sensor/analog rail"
encoder_power,Q20,,Q20_SWITCH_INPUT,5V_RAIL,continuity found,confirmed,"third leg of Q20 sits on 5V; Q20 is therefore the likely 5V-to-SWITCHED_SENSOR_5V power switch"
encoder_power,Q20,,Q20_CONTROL,UNKNOWN,trace next,unknown,"remaining/control leg should lead through resistor/transistor network or directly/indirectly to STM32"
encoder_power,Q21,,Q20_GATE_PULLDOWN,Q20_CONTROL,via resistor,probable,"Q21 connects to Q20 gate/control node through a resistor"
encoder_power,Q21,,Q21_GND,GND,0 ohm,confirmed,"Q21 has a leg tied to GND, consistent with a low-side pull-down transistor for Q20 gate"
encoder_power,Q21,,Q21_CONTROL,PE5,continuity/live test,confirmed,"PE5 drives Q21 gate/base; firmware label SWITCHED_SENSOR_5V_EN; setting PE5 high enables Q20 and raises SWITCHED_SENSOR_5V to 5V"
encoder_power,STM32,PE5,,SWITCHED_SENSOR_5V_EN,Q21_CONTROL,GPIO output/live test,confirmed,"STM32 control for Q21/Q20 5V-to-SWITCHED_SENSOR_5V power switch; live firmware test raised rail to 5V"
front_ir_receiver_onboard,Q20,,ONBOARD_CENTER_IR_RECEIVER_5V_SUPPLY,5V_TO_SENSOR_RAIL,continuity/probing,probable,"two center/onboard IR receivers under the cover are powered through Q20 from the 5V line; this suggests Q20/SWITCHED_SENSOR_5V is a broader switched 5V sensor rail, not only wheel encoder power"
encoder_power,Q24,,UNKNOWN_Q24_POWER_OR_SIGNAL_SWITCH,,,unknown,"working theory: may control/relate to encoder/sensor VCC area, but no clear voltage observed yet; do not assume switch function"
encoder_power,Q24,,Q24_CONTROL_LIKE_NODE,PA8,via R146 to STM32,probable,"CubeMX label Q24; PA8 reaches Q24 area through R146, but controlled function is not confirmed"
encoder_power,Q24,,Q24_PULLUP_OR_BIAS,,R147 to suspected + rail,probable,"R147 between suspected + supply and Q24 gate/control-like node; suggests a high-side style control but remains unconfirmed"
unknown_power_node,Q25,,UNKNOWN_Q25_NODE,,,unknown,"near Q24 support parts; top/center pin goes to D19 and one pin of J19"
unknown_power_node,Q25,,UNKNOWN_Q25_GND_PATH,,via R161 R100 shunt to GND,unknown,"right pin goes to R161 marked R100 shunt, shunt sits on GND"
wheel_right,J14,,red,MOTOR_A,,,confirmed,"motor winding; confirmed by same harness pattern as left"
wheel_right,J14,,black,MOTOR_B,,,confirmed,"motor winding; confirmed by same harness pattern as left"
wheel_right,J14,,yellow,encoder_signal_or_motor,,,unknown,"needs continuity/resistance check"
wheel_right,J14,,gray,GND,,,probable,"expected same as left; verify"
wheel_right,J14,,orange,SWITCHED_SENSOR_5V,,0 ohm to J5-7 and TP58,confirmed,"common encoder/sensor VCC candidate for both wheel connectors; Q24 switching role not confirmed"
wheel_right,J14,5,yellow,MOTOR_R_ENC_SIGNAL,PE8,continuity/live probing,confirmed,"right wheel encoder signal destination found at STM32 PE8"
wheel_right,TP51,,J14_PIN1_MOTOR_B,,,confirmed,"test point rings to J14 pin 1"
wheel_right,TP50,,J14_PIN2_MOTOR_A,,,confirmed,"test point rings to J14 pin 2"
wheel_right,TP47,,J14_PIN4_NC_EXTERNAL,,,confirmed,"test point rings to J14 pin 4; nothing connected externally"
wheel_right,TP45,,J14_PIN5_ENCODER_SIGNAL_CANDIDATE,,,confirmed,"test point rings to J14 pin 5"
wheel_right,STM32,PE8,,MOTOR_R_ENC_SIGNAL,J14_PIN5_ENCODER_SIGNAL_CANDIDATE,continuity/live probing,confirmed,"right wheel encoder signal input; configured as GPIO input pull-up"
mixed_signal,STM32,PE3,,MIXED_RC_ANALOG_SIGNAL,J16_AND_ENCODER_RC_NETWORK,large RC network,probable,"PE3 is not the direct right encoder input; user found it is a mixed/hitry signal from J16 and encoders through large RC chains, likely analog/status-like"
wheel_right,R91,,MOTOR_R_ENC_SIGNAL_RC,J14_PIN5_ENCODER_SIGNAL_CANDIDATE,series resistor,confirmed,"series resistor in right encoder signal path before C57/J16 area"
wheel_right,C57,,MOTOR_R_ENC_SIGNAL_RC,GND_OR_RC_NODE,4.7 kOhm after R91,probable,"C57 is after R91; user measured about 4.7 kOhm when ringing after R91; exact node/reference TBD"
wheel_right,C120,,MOTOR_R_ENC_SIGNAL_FILTER,J16_PIN1_SIGNAL_PATH,near J16,probable,"additional capacitor on/near the right encoder signal near connector J16"
unknown_connector,J16,1,,J16_PIN1_SIGNAL_PATH,MOTOR_R_ENC_SIGNAL,continuity found,probable,"right encoder signal path turns to J16 pin 1 after R91/C57/C120 area; original external connection/function unknown"
unknown_connector,J16,2,,GND,,0 ohm,confirmed,"J16 pin 2 rings to GND"
unknown_connector,J16,3,,J16_PIN3_UNKNOWN,,,unknown,"pin 3 goes somewhere, possibly power, but original J16 mating part/function unknown"
removed_assembly,J18,,unknown,REMOVED_VACUUM_OR_BRUSH_ASSEMBLY,,,,unknown,"removed original cleaner assembly connector; map pin count, rails, driver path, and STM32 signals before reuse"
removed_assembly,J8,,unknown,REMOVED_BRUSH_OR_VACUUM_ASSEMBLY,,,,unknown,"removed original cleaner assembly connector; candidate future I/O after mapping"
removed_assembly,J6,,unknown,REMOVED_BRUSH_OR_VACUUM_ASSEMBLY,,,,unknown,"removed original cleaner assembly connector; candidate future I/O after mapping"
removed_assembly,J19,,unknown,REMOVED_SMALL_VACUUM_SENSOR_OR_ACTUATOR,,,,unknown,"removed small vacuum/dust/pressure sensor candidate; nearby Q25/D19/R161 area already noted, map before reuse"
front_position_sensor,J20,,unknown,FRONT_BW_WHEEL_SENSOR,,,,unknown,"black/white front position wheel sensor assembly; user says it is clearly related to U10; trace J20 pins to U10 pins and STM32 outputs before firmware config"
front_position_sensor,U10,,ST logo; 293/MZ847,LM293_LM393_COMPARATOR_CANDIDATE_FOR_J20,,,probable,"candidate comparator for black/white optical wheel; if LM293 pinout matches, pin 8 is VCC, pin 4 GND, pin 1/pin 7 outputs; confirm which output toggles from J20 wheel"
front_ir,J3,,unknown,FRONT_RIGHT_IR_SENSOR,,,,unknown,"right front IR sensor connector; identify VCC/GND/emitter/signal, then trace signal to STM32/comparator"
front_ir,J4,,unknown,FRONT_LEFT_IR_SENSOR,,,,unknown,"left front IR sensor connector; identify VCC/GND/emitter/signal, then trace signal to STM32/comparator"
front_ir_panel,J7,8-pin,unknown,FRONT_BUMPER_IR_PANEL,,,,unknown,"front full-width board behind IR-transparent bumper plastic; parts are marked Dxx and Qxx in alternating/staggered order, likely IR emitters plus phototransistors/receivers; D11 at far right was covered by foam tape/optical mask; map VCC/GND, IR LED drive lines, and receiver/sense outputs"
front_ir_panel,J7,1,,J7_LABEL_2,D6_TO_D1_CHAIN_START,,confirmed,"connector silkscreen/marking for pin 1 is '2'; this pin goes to D6, then series chain D6-D5-D4-D3-D2-D1, then returns from D1 to J7 pin 8 P"
front_ir_panel,J7,1,,FRONT_IR_LED_CHAIN_2_DRIVE,Q12,via TP28,probable,"J7-1 label 2 / D6-D1 LED chain goes to TP28 and then Q12; Q12 marking Y1, likely LED-chain driver"
front_ir_panel,J7,2,,J7_LABEL_1,D11_TO_D7_CHAIN_START,,confirmed,"connector silkscreen/marking for pin 2 is '1'; this pin goes to D11, then series chain D11-D10-D9-D8-D7, then returns from D7 to J7 pin 8 P"
front_ir_panel,J7,2,,FRONT_IR_LED_CHAIN_1_DRIVE,Q13,via TP29,probable,"J7-2 label 1 / D11-D7 LED chain goes to TP29 and then Q13; Q13 marking Y1, likely LED-chain driver"
front_ir_panel,J7,3,,FRONT_IR_PANEL_GND,GND,0 ohm to common Qxx contact/polygon,confirmed,"all Qxx parts share one contact on the same GND polygon; this polygon goes to J7 pin 3"
front_ir_panel,J7,4,,FRONT_IR_PANEL_V,J7_LABEL_V,,confirmed,"connector silkscreen/marking for pin 4 is 'V'; Qxx receiver groups are fed from this net through resistors"
front_ir_panel,J7,4,,FRONT_IR_SENSOR_3V3,PE7_CONTROLLED_3V3_SWITCH,via TP25/D7/Q26/Q27,probable,"J7-4 V goes to TP25 and diode D7; D7 goes to switch Q26; Q26 appears fed from 3V3, likely P-channel/high-side; Q26 gate goes to Q27; Q27 gate/control reaches STM32 PE7 through a resistor network; this switched 3V3 line also feeds pullups/RC signal networks for J3 and J4 front IR connectors"
front_ir_panel,TP25,,FRONT_IR_SENSOR_3V3_TESTPOINT,FRONT_IR_SENSOR_3V3,J7-4,continuity,confirmed,"test point on switched front IR sensor 3V3 net"
front_ir_panel,D7,,FRONT_IR_SENSOR_3V3_SWITCH_PATH,FRONT_IR_SENSOR_3V3_TO_Q26,,probable,"diode in switched front IR sensor 3V3 path between TP25/J7 V and Q26"
front_ir_panel,Q26,,FRONT_IR_SENSOR_3V3_POWER_SWITCH,3V3_TO_FRONT_IR_SENSOR_3V3,,probable,"likely P-channel/high-side switch feeding front IR sensor 3V3 net from 3V3; gate controlled by Q27"
front_ir_panel,Q27,,FRONT_IR_SENSOR_3V3_SWITCH_DRIVER,PE7,through resistor network,probable,"driver/control transistor for Q26 gate; control path reaches STM32 PE7 through resistor network"
front_ir_panel,STM32,PE7,,FRONT_IR_SENSOR_3V3_EN,Q27_CONTROL,through resistor network,probable,"probable firmware control for switched 3V3 supply to J7 V and J3/J4 front IR pullup/RC networks; polarity still needs live voltage test"
front_ir_panel,J7,5,,J7_LABEL_R,D13_D14_ANODES,,confirmed,"connector silkscreen/marking for pin 5 is R; goes to anodes of D13 and D14, which connect to Q1/Q2 and Q3/Q4 group nodes"
front_ir_panel,J7,5,,FRONT_IR_PANEL_R_SIGNAL,PC3,via R52,confirmed,"J7-5 R signal goes through R52 to STM32 PC3; right-zone front IR panel signal candidate"
front_ir_panel,R52,,FRONT_IR_PANEL_R_SIGNAL_PATH,J7-5_TO_PC3,series resistor,confirmed,"series resistor between J7-5 R and STM32 PC3"
front_ir_panel,STM32,PC3,,FRONT_IR_PANEL_R_SIGNAL,J7-5_R,via R52,confirmed,"STM32 PC3 receives J7-5 R / right-zone front IR panel signal; configure later as ADC/GPIO after signal behavior is measured"
front_ir_panel,J7,6,,J7_LABEL_F,D15_ANODE,,confirmed,"connector silkscreen/marking for pin 6 is F; goes to anode of D15, which connects to Q5/Q6/Q7 group node"
front_ir_panel,J7,6,,FRONT_IR_PANEL_F_SIGNAL,PA5,via R51,confirmed,"J7-6 F signal goes through R51 to STM32 PA5; center-zone front IR panel signal candidate"
front_ir_panel,R51,,FRONT_IR_PANEL_F_SIGNAL_PATH,J7-6_TO_PA5,series resistor,confirmed,"series resistor between J7-6 F and STM32 PA5"
front_ir_panel,STM32,PA5,,FRONT_IR_PANEL_F_SIGNAL,J7-6_F,via R51,confirmed,"STM32 PA5 receives J7-6 F / center-zone front IR panel signal; configure later as ADC/GPIO after signal behavior is measured"
front_ir_panel,J7,7,,J7_LABEL_L,D16_D17_ANODES,,confirmed,"connector silkscreen/marking is L; goes to anodes of D16 and D17, which connect to Q8/Q9 and Q10/Q11 group nodes"
front_ir_panel,J7,7,,FRONT_IR_PANEL_L_SIGNAL,PB0,via R50,confirmed,"J7-7 L signal goes through R50 to STM32 PB0; left-zone front IR panel signal candidate"
front_ir_panel,R50,,FRONT_IR_PANEL_L_SIGNAL_PATH,J7-7_TO_PB0,series resistor,confirmed,"series resistor between J7-7 L and STM32 PB0"
front_ir_panel,STM32,PB0,,FRONT_IR_PANEL_L_SIGNAL,J7-7_L,via R50,confirmed,"STM32 PB0 receives J7-7 L / left-zone front IR panel signal; configure later as ADC/GPIO after signal behavior is measured"
front_ir_panel,J7,5/6/7,,"FRONT_IR_RFL_RESISTOR_PAIRS",FRONT_IR_SENSOR_3V3,common top to J7-4 V/TP25/D7 power line,confirmed,"mainboard side: J7 pins 5 R, 6 F, and 7 L each leave through resistor pairs; the upper contacts of these resistor pairs are commoned and go to the same switched power line as J7-4 V / TP25 / D7 / FRONT_IR_SENSOR_3V3"
front_ir,J3/J4,,front connectors,FRONT_IR_PULLUP_RC_SUPPLY,FRONT_IR_SENSOR_3V3,shared switched 3V3 line,confirmed,"switched 3V3 after Q26 also feeds pullups/RC signal networks for J3 and J4 front IR sensor connectors"
front_ir_panel,J7,8,,J7_LABEL_P,D_CHAIN_COMMON_BAT_RETURN,via R46 to BAT_PLUS,confirmed,"connector silkscreen/marking for pin 8 is P; common return end for series chains D6-D5-D4-D3-D2-D1 and D11-D10-D9-D8-D7; on mainboard J7-8 goes through R46 marked 100 directly to battery plus"
front_ir_panel,R46,,J7_P_TO_BAT_PLUS,J7-8_TO_BAT_PLUS,marked 100,confirmed,"series resistor/path from J7-8 P to battery plus; this means P is on a battery-plus-related LED-chain supply/return node, not logic 3.3V/5V"
removed_assembly,J19,2,,BAT_PLUS,J7_P_BAT_PLUS_NODE,continuity,confirmed,"J19 pin 2 is on the same battery-plus path that continues from J7-8 P/R46"
front_ir_panel,Q1/Q2,,J7 board,FRONT_IR_Q_GROUP_1,,,,probable,"Q1 and Q2 form one LED/sensor group; one side common GND, other side is the group node fed from V through a resistor; exact part type TBD"
front_ir_panel,Q3/Q4,,J7 board,FRONT_IR_Q_GROUP_2,,,,probable,"Q3 and Q4 form one LED/sensor group; one side common GND, other side is the group node fed from V through a resistor; exact part type TBD"
front_ir_panel,Q5/Q6/Q7,,J7 board,FRONT_IR_Q_GROUP_3,,,,probable,"Q5, Q6, and Q7 form one LED/sensor group; one side common GND, other side is the group node fed from V through a resistor; exact part type TBD"
front_ir_panel,Q8/Q9,,J7 board,FRONT_IR_Q_GROUP_4,,,,probable,"Q8 and Q9 form one LED/sensor group; one side common GND, other side is the group node fed from V through a resistor; exact part type TBD"
front_ir_panel,Q10/Q11,,J7 board,FRONT_IR_Q_GROUP_5,,,,probable,"Q10 and Q11 form one LED/sensor group; one side common GND, other side is the group node fed from V through a resistor; exact part type TBD"
front_ir_panel,D13,,J7 board,FRONT_IR_R_TO_Q1_Q2_DIODE,J7-5_R,,confirmed,"D13 anode goes to R; D13 cathode goes to Q1/Q2 group node"
front_ir_panel,D14,,J7 board,FRONT_IR_R_TO_Q3_Q4_DIODE,J7-5_R,,confirmed,"D14 anode goes to R; D14 cathode goes to Q3/Q4 group node"
front_ir_panel,D15,,J7 board,FRONT_IR_F_TO_Q5_Q6_Q7_DIODE,J7-6_F,,confirmed,"D15 anode goes to F; D15 cathode goes to Q5/Q6/Q7 group node"
front_ir_panel,D16,,J7 board,FRONT_IR_L_TO_Q8_Q9_DIODE,J7-7_L,,confirmed,"D16 anode goes to L; D16 cathode goes to Q8/Q9 group node"
front_ir_panel,D17,,J7 board,FRONT_IR_L_TO_Q10_Q11_DIODE,J7-7_L,,confirmed,"D17 anode goes to L; D17 cathode goes to Q10/Q11 group node"
front_ir_panel,D1/D2/D3/D4/D5/D6,,J7 board,FRONT_IR_D1_D6_SERIES_CHAIN,J7-1_TO_J7-8,,confirmed,"J7 pin 1 label '2' goes to D6; D6-D5-D4-D3-D2-D1 are connected in series; after D1 the trace returns to J7 pin 8 label P"
front_ir_panel,D7/D8/D9/D10/D11,,J7 board,FRONT_IR_D7_D11_SERIES_CHAIN,J7-2_TO_J7-8,,confirmed,"J7 pin 2 label '1' goes to D11; D11-D10-D9-D8-D7 are connected in series; after D7 the trace returns to J7 pin 8 label P"
front_ir_panel,TP28,,FRONT_IR_LED_CHAIN_2_TESTPOINT,J7-1_TO_Q12,continuity,confirmed,"test point between J7-1 label 2 LED-chain line and Q12 driver"
front_ir_panel,TP29,,FRONT_IR_LED_CHAIN_1_TESTPOINT,J7-2_TO_Q13,continuity,confirmed,"test point between J7-2 label 1 LED-chain line and Q13 driver"
front_ir_panel,Q12,,FRONT_IR_LED_CHAIN_2_CURRENT_OR_DRIVER_PART,TP28_TO_CONTROL_PATH,,unknown,"marked Y1; package appears to have 3 contacts with a large center pad tied to connector side, third contact through R100-marked resistor to GND, first contact goes into control/power network; may be transistor/MOSFET driver, current regulator, or zener/reference-like part; do not assume gate/PWM until pin behavior is confirmed"
front_ir_panel,Q13,,FRONT_IR_LED_CHAIN_1_CURRENT_OR_DRIVER_PART,TP29_TO_CONTROL_PATH,,unknown,"marked Y1; same topology as Q12; may be transistor/MOSFET driver, current regulator, or zener/reference-like part; do not assume gate/PWM until pin behavior is confirmed"
front_ir_panel,Q12,,FRONT_IR_LED_CHAIN_2_DRIVER_CONTROL,Q11,continuity,probable,"Q12 control/first-contact path goes to Q11; trace Q11 onward to STM32 or supply network"
front_ir_panel,Q12,control_or_reference,FRONT_IR_LED_CHAIN_2_CONTROL_OR_REFERENCE,Q11,through resistor,unknown,"one Q12 terminal goes through a resistor to Q11; do not call it gate until Q12 type/pinout is confirmed"
front_ir_panel,Q12,control_or_first_pin,FRONT_IR_LED_CHAIN_2_TO_Q14,Q14,continuity,probable,"Q12 control/first pin is tied to Q14 center pin on SOT23-3; Q14 third pin is GND; suspected Q14 gate/control is pulled to GND through resistor, but upstream control is not found yet"
front_ir_panel,Q14,,FRONT_IR_LED_CHAIN_2_LOW_SIDE_OR_SHUNT,UNKNOWN_CONTROL_TO_GND,,unknown,"SOT23-3 associated with Q12; center pin tied to Q12 first/control pin, one pin to GND, suspected gate/control pulled to GND through resistor; may be N-channel low-side/shunt or part of current-control network"
front_ir_panel,Q11,,FRONT_IR_DRIVER_CONTROL_PULLUP_SUPPLY,SWITCHED_SENSOR_5V,from Q20 rail,probable,"working hypothesis: Q11 forms/provides the pullup/bias supply for control inputs of similar front IR drivers Q4, Q13, and Q12; Q11 is fed from the switched 5V sensor rail coming from Q20"
front_ir_panel,Q11,control_or_reference,FRONT_IR_DRIVER_CONTROL_BIAS_NODE,PB10,via C34 capacitor,unknown,"Q11-related bias/control node is connected through capacitor C34 to STM32 PB10; treat as coupling to the driver-control pullup/bias network, not direct Q12 gate drive"
front_ir_panel,C34,,PB10_TO_Q11_GATE_COUPLING,PB10_TO_Q11_GATE,capacitor,probable,"capacitor between PB10 and Q11 gate/control path for J7-1 / D6-D1 LED-chain driver"
front_ir_panel,STM32,PB10,,FRONT_IR_LED_CHAIN_2_CTRL_CANDIDATE,Q11_GATE,via C34 capacitor,probable,"candidate control line for J7-1 label 2 LED chain; because coupling is through C34, trace DC bias resistors before firmware configuration"
front_ir_panel,Q13,,FRONT_IR_LED_CHAIN_1_DRIVER_CONTROL,Q15,continuity,probable,"Q13 control/first-contact path goes to Q15; trace Q15 onward to STM32 or supply network"
front_ir_panel,Q13,control_or_first_pin,FRONT_IR_LED_CHAIN_1_TO_Q15,Q15,continuity,probable,"Q13 has same-looking topology as Q12; linked to Q15"
front_ir_panel,Q15,,FRONT_IR_LED_CHAIN_1_LOW_SIDE_OR_SHUNT,UNKNOWN_CONTROL_TO_GND,,unknown,"SOT23-3 associated with Q13; topology appears similar to Q14; upstream control is not found yet"
front_ir,J4,,FRONT_IR_J4_DRIVER,Q4,continuity/probing,probable,"J4 front IR driver appears to use the same topology as J7 LED-chain drivers Q13/Q12; Q4 driver control first pin is associated with SOT23-3 key Q5"
front_ir_panel,Q4/Q13/Q12,,FRONT_IR_SIMILAR_DRIVERS,Q5/Q15/Q14_CONTROL_KEYS,,probable,"working topology: drivers Q4, Q13, Q12 have similar control; their first pins are controlled by SOT23-3 N-channel-like keys Q5, Q15, Q14 respectively; driver gates/control nodes have pullup resistors to the Q11-derived bias/supply node"
front_ir_panel,Q5/Q15/Q14,,FRONT_IR_DRIVER_CONTROL_KEYS,GND_PULLDOWN_OR_LOW_SIDE,,probable,"SOT23-3 N-channel-like keys for Q4/Q13/Q12 driver controls; exact STM32 drive paths still TBD"
down_cliff_ir,Q4,,DOWN_CLIFF_IR_3_SENSOR_CHAIN_DRIVER,J4_J3_J2_SERIES_CHAIN,via 3R90 shunt to GND,confirmed,"Q4 drives a series IR emitter chain for three downward-looking cliff/floor sensors. Driver current returns through a 3R90 shunt to GND"
down_cliff_ir,Q4,2,,DOWN_CLIFF_IR_3_SENSOR_CHAIN_OUT,J4-1,continuity,confirmed,"Q4 pin 2 goes to J4 pin 1"
down_cliff_ir,J4,1,,DOWN_CLIFF_IR_CHAIN_FROM_Q4,Q4-2,continuity,confirmed,"series IR chain segment from Q4 driver"
down_cliff_ir,J4,4,,DOWN_CLIFF_IR_CHAIN_TO_J3,J3-1,continuity,confirmed,"J4 pin 4 continues the series chain to J3 pin 1"
down_cliff_ir,J3,1,,DOWN_CLIFF_IR_CHAIN_FROM_J4,J4-4,continuity,confirmed,"J3 pin 1 receives series chain from J4 pin 4"
down_cliff_ir,J3,4,,DOWN_CLIFF_IR_CHAIN_TO_J2,J2-2,continuity,confirmed,"J3 pin 4 continues the series chain to J2 pin 2"
down_cliff_ir,J2,2,,DOWN_CLIFF_IR_CHAIN_FROM_J3,J3-4,continuity,confirmed,"J2 pin 2 receives series chain from J3 pin 4"
down_cliff_ir,J2,8,,DOWN_CLIFF_IR_3_SENSOR_CHAIN_SUPPLY,BAT_PLUS,continuity,confirmed,"J2 pin 8 is VBAT supply end for the three-sensor downward cliff/floor IR chain"
down_cliff_ir,J17,2,,DOWN_CLIFF_IR_SINGLE_DRIVER_INPUT,Q22,continuity,confirmed,"J17 pin 2 goes to Q22 current driver input/path for the separate fourth downward-looking cliff/floor sensor"
down_cliff_ir,Q22,,DOWN_CLIFF_IR_SINGLE_SENSOR_DRIVER,J17-2,via 6R90 shunt to GND,confirmed,"Q22 is the separate current driver for the fourth downward-looking cliff/floor IR sensor; driver current returns through a 6R90 shunt to GND"
down_cliff_ir,J17,8,,DOWN_CLIFF_IR_SINGLE_SENSOR_SUPPLY,5V_RAIL,continuity,confirmed,"J17 pin 8 goes to 5V, not VBAT; this fourth downward sensor supply differs from the three-sensor VBAT chain"
front_ir_panel,physical_order,,J7 board,FRONT_IR_PANEL_QD_ORDER,,,,confirmed,"physical/optical order recorded by user: Q2-D1, D2-Q1, Q3-D3, D4-Q4, Q7-D5, D6-Q6, Q5-D7, D8-Q9, Q8-D9, D10-Q10, Q11-D11"
front_ir_panel,J7_board_silkscreen,,J7 board,J7_2X4_LABEL_ORDER,,,,confirmed,"photo shows 2x4 label order near cable: top row P F V 1; bottom row L R G 2"
side_sensor_left,J17,,unknown,LEFT_SIDE_SENSOR_ASSEMBLY,,,,unknown,"left assembly: left IR sensor, left optical bumper limit/interrupter, left IR receiver; map each sub-signal separately"
side_sensor_right,J2,,unknown,RIGHT_SIDE_SENSOR_ASSEMBLY,,,,unknown,"right assembly: right IR sensor, right optical bumper limit/interrupter, right IR receiver; map each sub-signal separately"
rear_ir,J15,,unknown,REAR_IR_RECEIVER,,,,unknown,"rear IR receiver connector; likely 3-pin demodulated receiver if VCC/GND/OUT; output is often active-low digital, confirm by voltage/probing"
front_ir_receiver_onboard,PCB_FRONT_LEFT,,on main board,ONBOARD_FRONT_LEFT_IR_RECEIVER,,,,unknown,"front IR receiver mounted directly on main PCB; likely dock/base beacon receiver; identify VCC/GND/OUT and STM32/comparator destination"
front_ir_receiver_onboard,PCB_FRONT_RIGHT,,on main board,ONBOARD_FRONT_RIGHT_IR_RECEIVER,,,,unknown,"front IR receiver mounted directly on main PCB; likely dock/base beacon receiver; together with left/front/side/rear receivers can infer beacon direction"
button_led,J12,,unknown,TOUCH_BUTTON_RGB_ASSEMBLY,,,,unknown,"sensor/touch button with RGB backlight connector; likely includes touch key signal plus RGB LED channels and VCC/GND; trace before driving any LED pins"
buzzer,onboard,,unknown,BUZZER,,,,unknown,"onboard buzzer/sounder; trace through driver transistor/resistor to STM32 before configuring GPIO/PWM"
battery_monitor,STM32,PB1,,MOTOR_L_VPROPI_ADC,ADC_IN9,,confirmed,"currently configured ADC channel 9; this is motor driver left current-proportional output, not battery pack current"
battery_monitor,STM32,PC5,,MOTOR_R_VPROPI_ADC,ADC_IN15,,confirmed,"currently configured ADC channel 15; this is motor driver right current-proportional output, not battery pack current"
battery_monitor,U4,,ST logo; marking maybe G9884,BATTERY_CURRENT_OR_VOLTAGE_FRONTEND,,,,unknown,"trace U4 pin 1 and pin 7 outputs first; likely route to STM32 ADC/GPIO or charger/protection logic"
charge_detect,dock_contacts,,metal contacts,DOCK_RAW_INPUT,,,,probable,"dock/base input enters diode bridge/power OR path; trace post-bridge sense divider/comparator to STM32 for charge/base detect"
charge_detect,U10,,ST logo; 293/MZ847,DOCK_OR_J20_COMPARATOR_CANDIDATE,,,,unknown,"U10 may belong to dock detect or J20 optical wheel; resolve by continuity from U10 inputs/outputs to J20 and dock/power parts"
battery_input,battery_pack,,red/black,14.4V_Li-ion_2400mAh,,,confirmed,"battery pack label: 14.4 V 2400 mAh Li-ion"
battery_input,battery_minus,,black,BAT_MINUS_TO_GND,,via R72/R73 parallel shunts,confirmed,"battery minus goes through two parallel shunts R72 and R73 to board GND"
battery_input,R72,,current_shunt,,,confirmed,"parallel low-side battery current shunt to GND; value marking TBD"
battery_input,R73,,current_shunt,,,confirmed,"parallel low-side battery current shunt to GND; value marking TBD"
battery_input,battery_plus,,red,BAT_PLUS,,,confirmed,"battery plus goes to D8 area"
battery_input,D8,,diode_or_TVS,,,probable,"connected from battery plus to GND with cathode on GND per probing; verify orientation/package, may be protection clamp"
battery_monitor,U4,,ST logo; marking maybe G9884; SOIC-8/SOP-8,,,,unknown,"near battery low-side shunts R72/R73; top marking very unclear, user reads something like G9884; likely dual op-amp current sense, comparator threshold, or dedicated current monitor; see docs/u4-candidates.md"
battery_monitor,U4,4,,GND,,0 ohm to GND,confirmed,"matches classic dual op-amp / dual comparator SO-8 pinout"
battery_monitor,U4,8,,3V3_ANALOG_SUPPLY,,3.3V via U8 output,confirmed,"pin 8 VCC is fed from U8 3.3 V output"
battery_monitor,U3,,258; G9929; ST-like marking,LM258-like dual op-amp,,,probable,"marking resembles U4 style; 258 strongly suggests LM258-family dual op-amp"
battery_monitor,U3,8,,U3_VCC,SWITCHED_SENSOR_5V,powered/reported,confirmed,"U3 is powered from the same common encoder/sensor supply net; if LM258-like pinout matches, pin 8 is VCC"
power_regulator,U8,input,,5V_RAIL,,5V,confirmed,"U8 input measured/probed as 5 V"
power_regulator,U8,output,,3V3_RAIL,,3.3V,confirmed,"U8 output measured/probed as 3.3 V; feeds U4 pin 8"
dock_input,dock_station_pins,,metal contacts,DOCK_IN_RAW,,,probable,"dock station pins feed a diode bridge before charger/power circuitry"
power_regulator,U7,,54331; TI-like mark; SO-8/SOT-8,TPS54331-like 24V-to-5V buck converter,,,confirmed,"confirmed 5 V generator; external diode D17 and inductor match non-synchronous buck topology"
dock_power,U10,,ST logo; 293 SOT-8,LM293_DUAL_COMPARATOR_CANDIDATE,,,probable,"near dock input/power area; likely ST LM293/LM393-family dual comparator; check pin4 GND and outputs pin1/pin7"
dock_power,U10,8,,U10_VCC,SWITCHED_SENSOR_5V,0 ohm,confirmed,"U10 pin 8 rings to the common encoder/sensor supply net; this suggests U10 is powered from the switched/not-yet-enabled SWITCHED_SENSOR_5V rail"
power_regulator,U8,,99M7ERE,5V_TO_3V3_REGULATOR,,,confirmed,"input 5 V, output 3.3 V; output feeds U4 pin 8"
dock_power,R145,,0.100 ohm shunt,,,probable,"marked R100; associated with U8/power path"
power_switch,Q8,,FR9024N / IRFR9024N,P-channel MOSFET,,,confirmed,"likely high-side power switch; exact net/function TBD by continuity"
power_switch,Q18,,FR9024 / IRFR9024-family,P-channel MOSFET,,,confirmed,"second FR9024-family P-channel MOSFET; exact net/function TBD by continuity"
power_path,J1,,POWER_SWITCH_AND_24V_INPUT,,,confirmed,"main power enabled through power switch in J1; J1 also appears to be reserve/external 24 V input path"
power_path,J10,,DOCK_2PIN_INPUT,,,confirmed,"2-pin dock station input; one source for diode OR network feeding U7"
power_path,D18/D16/D9/D10,,U7_INPUT_OR_DIODES,,,probable,"diode OR network selecting source for U7 from J10 dock, J1 reserve 24 V, or battery via J1 switch"
power_path,battery_to_motor_drivers,,VMOT_FROM_BATTERY,,,confirmed,"with battery connected, motor driver supply capacitors get power; battery feeds motor drivers and Q8"
stlink,,,,SWDIO,PA13,,confirmed,
stlink,,,,SWCLK,PA14,,confirmed,
motor_driver_left,U2,,DRV8801-like,,,,probable,"marking unclear; near J5 and R31 R100 shunt"
motor_driver_left,U2,1,,MOTOR_L_NFAULT,PD8,,confirmed,"U2 pin 1 nFAULT rings to STM32 PD8"
motor_driver_left,U2,2,,MOTOR_L_MODE1,SWITCHED_SENSOR_5V,via resistor,confirmed,"U2 pin 2 MODE1 is tied with U2 pin 5 nSLEEP and goes through a resistor to the not-yet-powered sensor/encoder supply line"
motor_driver_left,U2,3,,MOTOR_L_PHASE,PB7,,confirmed,"U2 pin 3 Phase direction input rings to STM32 PB7"
motor_driver_left,U2,5,,MOTOR_L_NSLEEP,SWITCHED_SENSOR_5V,via resistor,confirmed,"U2 pin 5 nSLEEP is tied with U2 pin 2 MODE1 and goes through a resistor to the not-yet-powered sensor/encoder supply line"
motor_driver_left,U2,6,,MOTOR_L_ENABLE,PC8,via resistor,confirmed,"U2 pin 6 Enable control rings to STM32 PC8 through a resistor"
motor_driver_left,U2,15,,MOTOR_L_VPROPI,PB1,,confirmed,"U2 pin 15 VPROPI current-proportional analog output rings to STM32 PB1"
motor_driver_left,U2,16,,MOTOR_L_MODE2,GND,0 ohm,confirmed,"U2 pin 16 MODE2 is tied to GND"
motor_driver_right,U6,,DRV8801-like,,,,probable,"near J14 and R108 R100 shunt"
motor_driver_right,U6,1,,MOTOR_R_NFAULT,PD14,,confirmed,"U6 pin 1 nFAULT rings to STM32 PD14"
motor_driver_right,U6,3,,MOTOR_R_PHASE,PE13,,confirmed,"U6 pin 3 Phase direction input rings to STM32 PE13"
motor_driver_right,U6,6,,MOTOR_R_ENABLE,PC6,,confirmed,"U6 pin 6 Enable control rings to STM32 PC6"
motor_driver_right,U6,15,,MOTOR_R_VPROPI,PC5,,confirmed,"U6 pin 15 VPROPI current-proportional analog output rings to STM32 PC5"
current_sense_left,R31,,0.100 ohm shunt,,,probable,"marked R100; one side appears related to gray/GND area"
current_sense_right,R108,,0.100 ohm shunt,,,probable,"marked R100"
